station,month,days,mean_aqi,typical_day_low,typical_day_high,pct_good,pct_satisfactory,pct_moderate,pct_poor,pct_very_poor,pct_severe,aqi_category,pct_poor_or_worse,history_mean_same_month
"Ballygunge, Kolkata - WBPCB",2026-10,27,109.0,58.1,148.1,9.5,45.4,42.7,2.4,0.0,0.0,Moderate,2.4,94.6
"Ballygunge, Kolkata - WBPCB",2026-11,30,171.4,120.4,210.4,0.4,5.7,79.0,14.7,0.1,0.0,Moderate,14.9,182.0
"Ballygunge, Kolkata - WBPCB",2026-12,31,215.3,164.2,254.3,0.0,0.1,47.4,49.7,2.8,0.0,Poor,52.5,198.4
"Ballygunge, Kolkata - WBPCB",2027-01,31,207.8,156.8,246.8,0.0,0.7,57.3,40.0,2.0,0.0,Poor,42.0,234.2
"Ballygunge, Kolkata - WBPCB",2027-02,28,158.8,107.7,197.7,1.0,8.5,79.8,10.6,0.0,0.0,Moderate,10.7,150.8
"Ballygunge, Kolkata - WBPCB",2027-03,31,101.1,50.1,140.2,12.5,51.8,34.1,1.5,0.0,0.0,Moderate,1.5,93.7
"Ballygunge, Kolkata - WBPCB",2027-04,30,63.7,12.8,102.8,50.9,38.1,11.0,0.0,0.0,0.0,Satisfactory,0.0,72.7
"Ballygunge, Kolkata - WBPCB",2027-05,31,54.6,3.6,93.6,65.3,25.8,8.9,0.0,0.0,0.0,Satisfactory,0.0,55.2
"Ballygunge, Kolkata - WBPCB",2027-06,30,55.0,4.0,94.0,65.1,25.9,9.1,0.0,0.0,0.0,Satisfactory,0.0,50.0
"Ballygunge, Kolkata - WBPCB",2027-07,31,48.0,0.3,87.1,72.4,19.6,8.0,0.0,0.0,0.0,Good,0.0,42.1
"Ballygunge, Kolkata - WBPCB",2027-08,31,40.1,0.0,79.1,78.7,14.7,6.5,0.0,0.0,0.0,Good,0.0,47.7
"Ballygunge, Kolkata - WBPCB",2027-09,30,54.9,6.1,93.9,62.5,28.2,9.3,0.0,0.0,0.0,Satisfactory,0.0,54.4
"Ballygunge, Kolkata - WBPCB",2027-10,4,77.6,26.5,116.5,28.1,56.3,15.6,0.0,0.0,0.0,Satisfactory,0.0,94.6
"Bidhannagar, Kolkata - WBPCB",2026-10,27,83.2,43.3,111.9,13.5,62.3,23.6,0.6,0.0,0.0,Satisfactory,0.6,76.2
"Bidhannagar, Kolkata - WBPCB",2026-11,30,142.7,102.9,171.4,0.8,9.7,84.3,5.2,0.0,0.0,Moderate,5.2,147.9
"Bidhannagar, Kolkata - WBPCB",2026-12,31,191.1,151.3,219.7,0.0,0.3,68.8,30.0,0.9,0.0,Moderate,30.9,191.3
"Bidhannagar, Kolkata - WBPCB",2027-01,31,178.8,138.9,207.5,0.0,1.3,80.1,18.2,0.4,0.0,Moderate,18.6,178.2
"Bidhannagar, Kolkata - WBPCB",2027-02,28,125.6,85.6,154.4,1.8,18.7,76.6,2.9,0.0,0.0,Moderate,2.9,124.1
"Bidhannagar, Kolkata - WBPCB",2027-03,31,81.2,41.4,110.0,13.9,67.1,18.5,0.5,0.0,0.0,Satisfactory,0.5,82.7
"Bidhannagar, Kolkata - WBPCB",2027-04,30,63.3,23.4,92.1,25.8,66.0,8.1,0.0,0.0,0.0,Satisfactory,0.0,68.0
"Bidhannagar, Kolkata - WBPCB",2027-05,31,56.0,16.2,84.8,40.2,52.9,6.9,0.0,0.0,0.0,Satisfactory,0.0,49.7
"Bidhannagar, Kolkata - WBPCB",2027-06,30,48.1,8.3,76.8,57.3,37.1,5.5,0.0,0.0,0.0,Good,0.0,52.4
"Bidhannagar, Kolkata - WBPCB",2027-07,31,44.3,4.4,73.2,65.1,29.6,5.3,0.0,0.0,0.0,Good,0.0,42.0
"Bidhannagar, Kolkata - WBPCB",2027-08,31,43.4,3.6,72.1,67.0,27.7,5.3,0.0,0.0,0.0,Good,0.0,44.0
"Bidhannagar, Kolkata - WBPCB",2027-09,30,48.2,8.3,76.9,56.9,37.4,5.7,0.0,0.0,0.0,Good,0.0,49.0
"Bidhannagar, Kolkata - WBPCB",2027-10,4,59.7,19.5,88.5,31.6,60.7,7.7,0.0,0.0,0.0,Satisfactory,0.0,76.2
"Fort William, Kolkata - WBPCB",2026-10,27,82.0,73.8,91.0,0.0,96.2,3.8,0.0,0.0,0.0,Satisfactory,0.0,80.8
"Fort William, Kolkata - WBPCB",2026-11,30,98.3,90.1,107.3,0.0,59.3,40.7,0.0,0.0,0.0,Satisfactory,0.0,98.7
"Fort William, Kolkata - WBPCB",2026-12,31,111.0,102.8,120.0,0.0,5.6,94.4,0.0,0.0,0.0,Moderate,0.0,110.2
"Fort William, Kolkata - WBPCB",2027-01,31,115.4,107.2,124.4,0.0,1.1,98.9,0.0,0.0,0.0,Moderate,0.0,115.3
"Fort William, Kolkata - WBPCB",2027-02,28,110.4,102.2,119.4,0.0,6.5,93.5,0.0,0.0,0.0,Moderate,0.0,110.8
"Fort William, Kolkata - WBPCB",2027-03,31,97.6,89.5,106.6,0.0,61.9,38.1,0.0,0.0,0.0,Satisfactory,0.0,97.8
"Fort William, Kolkata - WBPCB",2027-04,30,80.0,71.8,89.0,0.0,97.0,3.0,0.0,0.0,0.0,Satisfactory,0.0,79.4
"Fort William, Kolkata - WBPCB",2027-05,31,62.6,54.4,71.6,5.4,94.5,0.1,0.0,0.0,0.0,Satisfactory,0.0,62.2
"Fort William, Kolkata - WBPCB",2027-06,30,50.0,41.8,59.0,52.5,47.5,0.0,0.0,0.0,0.0,Satisfactory,0.0,50.7
"Fort William, Kolkata - WBPCB",2027-07,31,45.6,37.3,54.5,75.6,24.4,0.0,0.0,0.0,0.0,Good,0.0,45.2
"Fort William, Kolkata - WBPCB",2027-08,31,50.5,42.2,59.5,49.9,50.1,0.0,0.0,0.0,0.0,Satisfactory,0.0,50.4
"Fort William, Kolkata - WBPCB",2027-09,30,63.3,55.1,72.3,4.3,95.6,0.1,0.0,0.0,0.0,Satisfactory,0.0,64.5
"Fort William, Kolkata - WBPCB",2027-10,4,72.7,64.5,81.8,0.0,99.7,0.3,0.0,0.0,0.0,Satisfactory,0.0,80.8
"Rabindra Bharati University, Kolkata - WBPCB",2026-10,27,93.9,81.1,105.4,0.0,74.8,25.2,0.0,0.0,0.0,Satisfactory,0.0,93.8
"Rabindra Bharati University, Kolkata - WBPCB",2026-11,30,113.0,100.2,124.6,0.0,13.6,86.4,0.0,0.0,0.0,Moderate,0.0,113.5
"Rabindra Bharati University, Kolkata - WBPCB",2026-12,31,132.1,119.3,143.7,0.0,0.0,100.0,0.0,0.0,0.0,Moderate,0.0,131.0
"Rabindra Bharati University, Kolkata - WBPCB",2027-01,31,141.0,128.3,152.5,0.0,0.0,100.0,0.0,0.0,0.0,Moderate,0.0,140.8
"Rabindra Bharati University, Kolkata - WBPCB",2027-02,28,133.2,120.5,144.9,0.0,0.0,100.0,0.0,0.0,0.0,Moderate,0.0,134.3
"Rabindra Bharati University, Kolkata - WBPCB",2027-03,31,113.9,101.1,125.5,0.0,12.8,87.2,0.0,0.0,0.0,Moderate,0.0,110.9
"Rabindra Bharati University, Kolkata - WBPCB",2027-04,30,92.5,79.8,104.1,0.0,77.8,22.2,0.0,0.0,0.0,Satisfactory,0.0,93.8
"Rabindra Bharati University, Kolkata - WBPCB",2027-05,31,74.5,61.7,86.1,0.5,97.2,2.3,0.0,0.0,0.0,Satisfactory,0.0,72.2
"Rabindra Bharati University, Kolkata - WBPCB",2027-06,30,60.0,47.3,71.6,18.2,81.1,0.7,0.0,0.0,0.0,Satisfactory,0.0,59.8
"Rabindra Bharati University, Kolkata - WBPCB",2027-07,31,52.9,40.2,64.5,42.3,57.7,0.0,0.0,0.0,0.0,Satisfactory,0.0,53.7
"Rabindra Bharati University, Kolkata - WBPCB",2027-08,31,58.2,45.5,69.8,23.4,76.0,0.6,0.0,0.0,0.0,Satisfactory,0.0,57.2
"Rabindra Bharati University, Kolkata - WBPCB",2027-09,30,73.4,60.6,85.0,1.1,96.9,2.0,0.0,0.0,0.0,Satisfactory,0.0,73.9
"Rabindra Bharati University, Kolkata - WBPCB",2027-10,4,83.8,71.0,95.2,0.0,94.2,5.8,0.0,0.0,0.0,Satisfactory,0.0,93.8
